State,Year,Age-Group KFF,Deaths KFF
Alabama,2009,0-24,28
Alaska,2009,0-24,12
Arizona,2009,0-24,81
Arkansas,2009,0-24,32
California,2009,0-24,155
Colorado,2009,0-24,52
Connecticut,2009,0-24,27
Delaware,2009,0-24,12
District of Columbia,2009,0-24,
Florida,2009,0-24,175
Georgia,2009,0-24,55
Hawaii,2009,0-24,
Idaho,2009,0-24,
Illinois,2009,0-24,127
Indiana,2009,0-24,42
Iowa,2009,0-24,15
Kansas,2009,0-24,17
Kentucky,2009,0-24,31
Louisiana,2009,0-24,12
Maine,2009,0-24,10
Maryland,2009,0-24,62
Massachusetts,2009,0-24,62
Michigan,2009,0-24,70
Minnesota,2009,0-24,38
Mississippi,2009,0-24,
Missouri,2009,0-24,81
Montana,2009,0-24,
Nebraska,2009,0-24,
Nevada,2009,0-24,51
New Hampshire,2009,0-24,15
New Jersey,2009,0-24,
New Mexico,2009,0-24,35
New York,2009,0-24,117
North Carolina,2009,0-24,113
North Dakota,2009,0-24,
Ohio,2009,0-24,55
Oklahoma,2009,0-24,59
Oregon,2009,0-24,29
Pennsylvania,2009,0-24,92
Rhode Island,2009,0-24,14
South Carolina,2009,0-24,25
South Dakota,2009,0-24,
Tennessee,2009,0-24,56
Texas,2009,0-24,161
Utah,2009,0-24,45
Vermont,2009,0-24,
Virginia,2009,0-24,49
Washington,2009,0-24,57
West Virginia,2009,0-24,11
Wisconsin,2009,0-24,47
Wyoming,2009,0-24,
Alabama,2010,0-24,24
Alaska,2010,0-24,
Arizona,2010,0-24,86
Arkansas,2010,0-24,30
California,2010,0-24,201
Colorado,2010,0-24,38
Connecticut,2010,0-24,25
Delaware,2010,0-24,
District of Columbia,2010,0-24,
Florida,2010,0-24,171
Georgia,2010,0-24,74
Hawaii,2010,0-24,
Idaho,2010,0-24,
Illinois,2010,0-24,126
Indiana,2010,0-24,42
Iowa,2010,0-24,15
Kansas,2010,0-24,15
Kentucky,2010,0-24,51
Louisiana,2010,0-24,16
Maine,2010,0-24,
Maryland,2010,0-24,62
Massachusetts,2010,0-24,56
Michigan,2010,0-24,85
Minnesota,2010,0-24,29
Mississippi,2010,0-24,
Missouri,2010,0-24,83
Montana,2010,0-24,
Nebraska,2010,0-24,
Nevada,2010,0-24,46
New Hampshire,2010,0-24,
New Jersey,2010,0-24,58
New Mexico,2010,0-24,29
New York,2010,0-24,127
North Carolina,2010,0-24,79
North Dakota,2010,0-24,
Ohio,2010,0-24,113
Oklahoma,2010,0-24,47
Oregon,2010,0-24,32
Pennsylvania,2010,0-24,102
Rhode Island,2010,0-24,
South Carolina,2010,0-24,27
South Dakota,2010,0-24,
Tennessee,2010,0-24,62
Texas,2010,0-24,186
Utah,2010,0-24,59
Vermont,2010,0-24,
Virginia,2010,0-24,44
Washington,2010,0-24,62
West Virginia,2010,0-24,43
Wisconsin,2010,0-24,41
Wyoming,2010,0-24,
Alabama,2011,0-24,23
Alaska,2011,0-24,
Arizona,2011,0-24,77
Arkansas,2011,0-24,21
California,2011,0-24,208
Colorado,2011,0-24,58
Connecticut,2011,0-24,34
Delaware,2011,0-24,15
District of Columbia,2011,0-24,
Florida,2011,0-24,121
Georgia,2011,0-24,70
Hawaii,2011,0-24,
Idaho,2011,0-24,11
Illinois,2011,0-24,127
Indiana,2011,0-24,39
Iowa,2011,0-24,21
Kansas,2011,0-24,11
Kentucky,2011,0-24,48
Louisiana,2011,0-24,
Maine,2011,0-24,
Maryland,2011,0-24,68
Massachusetts,2011,0-24,69
Michigan,2011,0-24,83
Minnesota,2011,0-24,34
Mississippi,2011,0-24,
Missouri,2011,0-24,74
Montana,2011,0-24,
Nebraska,2011,0-24,
Nevada,2011,0-24,57
New Hampshire,2011,0-24,17
New Jersey,2011,0-24,72
New Mexico,2011,0-24,32
New York,2011,0-24,173
North Carolina,2011,0-24,92
North Dakota,2011,0-24,
Ohio,2011,0-24,111
Oklahoma,2011,0-24,54
Oregon,2011,0-24,38
Pennsylvania,2011,0-24,106
Rhode Island,2011,0-24,
South Carolina,2011,0-24,30
South Dakota,2011,0-24,
Tennessee,2011,0-24,48
Texas,2011,0-24,217
Utah,2011,0-24,59
Vermont,2011,0-24,
Virginia,2011,0-24,72
Washington,2011,0-24,60
West Virginia,2011,0-24,33
Wisconsin,2011,0-24,64
Wyoming,2011,0-24,
Alabama,2012,0-24,18
Alaska,2012,0-24,13
Arizona,2012,0-24,61
Arkansas,2012,0-24,25
California,2012,0-24,170
Colorado,2012,0-24,44
Connecticut,2012,0-24,25
Delaware,2012,0-24,11
District of Columbia,2012,0-24,
Florida,2012,0-24,87
Georgia,2012,0-24,50
Hawaii,2012,0-24,
Idaho,2012,0-24,
Illinois,2012,0-24,160
Indiana,2012,0-24,57
Iowa,2012,0-24,14
Kansas,2012,0-24,22
Kentucky,2012,0-24,55
Louisiana,2012,0-24,22
Maine,2012,0-24,
Maryland,2012,0-24,76
Massachusetts,2012,0-24,53
Michigan,2012,0-24,77
Minnesota,2012,0-24,44
Mississippi,2012,0-24,
Missouri,2012,0-24,49
Montana,2012,0-24,
Nebraska,2012,0-24,
Nevada,2012,0-24,38
New Hampshire,2012,0-24,14
New Jersey,2012,0-24,80
New Mexico,2012,0-24,30
New York,2012,0-24,174
North Carolina,2012,0-24,92
North Dakota,2012,0-24,
Ohio,2012,0-24,125
Oklahoma,2012,0-24,48
Oregon,2012,0-24,34
Pennsylvania,2012,0-24,105
Rhode Island,2012,0-24,10
South Carolina,2012,0-24,28
South Dakota,2012,0-24,
Tennessee,2012,0-24,51
Texas,2012,0-24,169
Utah,2012,0-24,42
Vermont,2012,0-24,
Virginia,2012,0-24,54
Washington,2012,0-24,67
West Virginia,2012,0-24,18
Wisconsin,2012,0-24,44
Wyoming,2012,0-24,
Alabama,2013,0-24,20
Alaska,2013,0-24,
Arizona,2013,0-24,69
Arkansas,2013,0-24,24
California,2013,0-24,177
Colorado,2013,0-24,67
Connecticut,2013,0-24,45
Delaware,2013,0-24,
District of Columbia,2013,0-24,
Florida,2013,0-24,84
Georgia,2013,0-24,53
Hawaii,2013,0-24,
Idaho,2013,0-24,
Illinois,2013,0-24,141
Indiana,2013,0-24,49
Iowa,2013,0-24,24
Kansas,2013,0-24,17
Kentucky,2013,0-24,56
Louisiana,2013,0-24,29
Maine,2013,0-24,
Maryland,2013,0-24,71
Massachusetts,2013,0-24,75
Michigan,2013,0-24,99
Minnesota,2013,0-24,34
Mississippi,2013,0-24,
Missouri,2013,0-24,67
Montana,2013,0-24,
Nebraska,2013,0-24,
Nevada,2013,0-24,34
New Hampshire,2013,0-24,17
New Jersey,2013,0-24,95
New Mexico,2013,0-24,34
New York,2013,0-24,208
North Carolina,2013,0-24,74
North Dakota,2013,0-24,
Ohio,2013,0-24,130
Oklahoma,2013,0-24,48
Oregon,2013,0-24,22
Pennsylvania,2013,0-24,112
Rhode Island,2013,0-24,13
South Carolina,2013,0-24,12
South Dakota,2013,0-24,
Tennessee,2013,0-24,53
Texas,2013,0-24,149
Utah,2013,0-24,55
Vermont,2013,0-24,
Virginia,2013,0-24,59
Washington,2013,0-24,51
West Virginia,2013,0-24,32
Wisconsin,2013,0-24,83
Wyoming,2013,0-24,
Alabama,2014,0-24,25
Alaska,2014,0-24,12
Arizona,2014,0-24,62
Arkansas,2014,0-24,17
California,2014,0-24,178
Colorado,2014,0-24,46
Connecticut,2014,0-24,45
Delaware,2014,0-24,
District of Columbia,2014,0-24,
Florida,2014,0-24,99
Georgia,2014,0-24,89
Hawaii,2014,0-24,
Idaho,2014,0-24,
Illinois,2014,0-24,127
Indiana,2014,0-24,58
Iowa,2014,0-24,21
Kansas,2014,0-24,18
Kentucky,2014,0-24,51
Louisiana,2014,0-24,23
Maine,2014,0-24,11
Maryland,2014,0-24,93
Massachusetts,2014,0-24,103
Michigan,2014,0-24,103
Minnesota,2014,0-24,34
Mississippi,2014,0-24,16
Missouri,2014,0-24,76
Montana,2014,0-24,
Nebraska,2014,0-24,
Nevada,2014,0-24,34
New Hampshire,2014,0-24,31
New Jersey,2014,0-24,91
New Mexico,2014,0-24,31
New York,2014,0-24,200
North Carolina,2014,0-24,93
North Dakota,2014,0-24,
Ohio,2014,0-24,194
Oklahoma,2014,0-24,34
Oregon,2014,0-24,32
Pennsylvania,2014,0-24,169
Rhode Island,2014,0-24,11
South Carolina,2014,0-24,40
South Dakota,2014,0-24,
Tennessee,2014,0-24,49
Texas,2014,0-24,143
Utah,2014,0-24,36
Vermont,2014,0-24,
Virginia,2014,0-24,73
Washington,2014,0-24,58
West Virginia,2014,0-24,32
Wisconsin,2014,0-24,67
Wyoming,2014,0-24,
Alabama,2015,0-24,25
Alaska,2015,0-24,16
Arizona,2015,0-24,79
Arkansas,2015,0-24,18
California,2015,0-24,179
Colorado,2015,0-24,43
Connecticut,2015,0-24,63
Delaware,2015,0-24,12
District of Columbia,2015,0-24,
Florida,2015,0-24,160
Georgia,2015,0-24,94
Hawaii,2015,0-24,
Idaho,2015,0-24,11
Illinois,2015,0-24,156
Indiana,2015,0-24,69
Iowa,2015,0-24,16
Kansas,2015,0-24,
Kentucky,2015,0-24,58
Louisiana,2015,0-24,23
Maine,2015,0-24,17
Maryland,2015,0-24,87
Massachusetts,2015,0-24,154
Michigan,2015,0-24,123
Minnesota,2015,0-24,34
Mississippi,2015,0-24,
Missouri,2015,0-24,84
Montana,2015,0-24,
Nebraska,2015,0-24,
Nevada,2015,0-24,34
New Hampshire,2015,0-24,41
New Jersey,2015,0-24,105
New Mexico,2015,0-24,32
New York,2015,0-24,245
North Carolina,2015,0-24,109
North Dakota,2015,0-24,
Ohio,2015,0-24,241
Oklahoma,2015,0-24,26
Oregon,2015,0-24,23
Pennsylvania,2015,0-24,168
Rhode Island,2015,0-24,23
South Carolina,2015,0-24,33
South Dakota,2015,0-24,
Tennessee,2015,0-24,71
Texas,2015,0-24,169
Utah,2015,0-24,39
Vermont,2015,0-24,
Virginia,2015,0-24,91
Washington,2015,0-24,53
West Virginia,2015,0-24,42
Wisconsin,2015,0-24,52
Wyoming,2015,0-24,
Alabama,2016,0-24,37
Alaska,2016,0-24,13
Arizona,2016,0-24,108
Arkansas,2016,0-24,13
California,2016,0-24,212
Colorado,2016,0-24,67
Connecticut,2016,0-24,60
Delaware,2016,0-24,13
District of Columbia,2016,0-24,
Florida,2016,0-24,246
Georgia,2016,0-24,80
Hawaii,2016,0-24,12
Idaho,2016,0-24,10
Illinois,2016,0-24,183
Indiana,2016,0-24,69
Iowa,2016,0-24,24
Kansas,2016,0-24,14
Kentucky,2016,0-24,76
Louisiana,2016,0-24,35
Maine,2016,0-24,25
Maryland,2016,0-24,141
Massachusetts,2016,0-24,165
Michigan,2016,0-24,153
Minnesota,2016,0-24,61
Mississippi,2016,0-24,13
Missouri,2016,0-24,116
Montana,2016,0-24,
Nebraska,2016,0-24,
Nevada,2016,0-24,39
New Hampshire,2016,0-24,55
New Jersey,2016,0-24,157
New Mexico,2016,0-24,38
New York,2016,0-24,319
North Carolina,2016,0-24,151
North Dakota,2016,0-24,
Ohio,2016,0-24,320
Oklahoma,2016,0-24,31
Oregon,2016,0-24,38
Pennsylvania,2016,0-24,245
Rhode Island,2016,0-24,22
South Carolina,2016,0-24,58
South Dakota,2016,0-24,
Tennessee,2016,0-24,88
Texas,2016,0-24,198
Utah,2016,0-24,41
Vermont,2016,0-24,
Virginia,2016,0-24,119
Washington,2016,0-24,61
West Virginia,2016,0-24,47
Wisconsin,2016,0-24,101
Wyoming,2016,0-24,
Alabama,2017,0-24,31
Alaska,2017,0-24,
Arizona,2017,0-24,118
Arkansas,2017,0-24,20
California,2017,0-24,208
Colorado,2017,0-24,57
Connecticut,2017,0-24,90
Delaware,2017,0-24,25
District of Columbia,2017,0-24,
Florida,2017,0-24,217
Georgia,2017,0-24,100
Hawaii,2017,0-24,
Idaho,2017,0-24,
Illinois,2017,0-24,181
Indiana,2017,0-24,115
Iowa,2017,0-24,28
Kansas,2017,0-24,17
Kentucky,2017,0-24,76
Louisiana,2017,0-24,26
Maine,2017,0-24,23
Maryland,2017,0-24,142
Massachusetts,2017,0-24,132
Michigan,2017,0-24,162
Minnesota,2017,0-24,57
Mississippi,2017,0-24,12
Missouri,2017,0-24,104
Montana,2017,0-24,
Nebraska,2017,0-24,
Nevada,2017,0-24,39
New Hampshire,2017,0-24,40
New Jersey,2017,0-24,193
New Mexico,2017,0-24,26
New York,2017,0-24,270
North Carolina,2017,0-24,215
North Dakota,2017,0-24,
Ohio,2017,0-24,336
Oklahoma,2017,0-24,25
Oregon,2017,0-24,40
Pennsylvania,2017,0-24,272
Rhode Island,2017,0-24,16
South Carolina,2017,0-24,64
South Dakota,2017,0-24,
Tennessee,2017,0-24,105
Texas,2017,0-24,175
Utah,2017,0-24,43
Vermont,2017,0-24,15
Virginia,2017,0-24,103
Washington,2017,0-24,68
West Virginia,2017,0-24,51
Wisconsin,2017,0-24,91
Wyoming,2017,0-24,
Alabama,2018,0-24,27
Alaska,2018,0-24,
Arizona,2018,0-24,185
Arkansas,2018,0-24,23
California,2018,0-24,226
Colorado,2018,0-24,60
Connecticut,2018,0-24,68
Delaware,2018,0-24,16
District of Columbia,2018,0-24,
Florida,2018,0-24,187
Georgia,2018,0-24,68
Hawaii,2018,0-24,
Idaho,2018,0-24,11
Illinois,2018,0-24,172
Indiana,2018,0-24,103
Iowa,2018,0-24,17
Kansas,2018,0-24,13
Kentucky,2018,0-24,72
Louisiana,2018,0-24,27
Maine,2018,0-24,12
Maryland,2018,0-24,119
Massachusetts,2018,0-24,113
Michigan,2018,0-24,129
Minnesota,2018,0-24,42
Mississippi,2018,0-24,
Missouri,2018,0-24,133
Montana,2018,0-24,
Nebraska,2018,0-24,
Nevada,2018,0-24,16
New Hampshire,2018,0-24,31
New Jersey,2018,0-24,197
New Mexico,2018,0-24,35
New York,2018,0-24,221
North Carolina,2018,0-24,167
North Dakota,2018,0-24,
Ohio,2018,0-24,232
Oklahoma,2018,0-24,25
Oregon,2018,0-24,20
Pennsylvania,2018,0-24,218
Rhode Island,2018,0-24,17
South Carolina,2018,0-24,77
South Dakota,2018,0-24,
Tennessee,2018,0-24,97
Texas,2018,0-24,149
Utah,2018,0-24,45
Vermont,2018,0-24,
Virginia,2018,0-24,90
Washington,2018,0-24,71
West Virginia,2018,0-24,48
Wisconsin,2018,0-24,56
Wyoming,2018,0-24,
Alabama,2009,25-34,55
Alaska,2009,25-34,14
Arizona,2009,25-34,133
Arkansas,2009,25-34,46
California,2009,25-34,295
Colorado,2009,25-34,96
Connecticut,2009,25-34,54
Delaware,2009,25-34,17
District of Columbia,2009,25-34,
Florida,2009,25-34,356
Georgia,2009,25-34,104
Hawaii,2009,25-34,
Idaho,2009,25-34,
Illinois,2009,25-34,216
Indiana,2009,25-34,64
Iowa,2009,25-34,37
Kansas,2009,25-34,26
Kentucky,2009,25-34,98
Louisiana,2009,25-34,30
Maine,2009,25-34,24
Maryland,2009,25-34,125
Massachusetts,2009,25-34,157
Michigan,2009,25-34,160
Minnesota,2009,25-34,43
Mississippi,2009,25-34,
Missouri,2009,25-34,139
Montana,2009,25-34,15
Nebraska,2009,25-34,
Nevada,2009,25-34,61
New Hampshire,2009,25-34,30
New Jersey,2009,25-34,
New Mexico,2009,25-34,36
New York,2009,25-34,197
North Carolina,2009,25-34,191
North Dakota,2009,25-34,
Ohio,2009,25-34,177
Oklahoma,2009,25-34,116
Oregon,2009,25-34,69
Pennsylvania,2009,25-34,169
Rhode Island,2009,25-34,14
South Carolina,2009,25-34,45
South Dakota,2009,25-34,
Tennessee,2009,25-34,113
Texas,2009,25-34,261
Utah,2009,25-34,105
Vermont,2009,25-34,
Virginia,2009,25-34,113
Washington,2009,25-34,129
West Virginia,2009,25-34,51
Wisconsin,2009,25-34,81
Wyoming,2009,25-34,
Alabama,2010,25-34,61
Alaska,2010,25-34,12
Arizona,2010,25-34,138
Arkansas,2010,25-34,53
California,2010,25-34,304
Colorado,2010,25-34,64
Connecticut,2010,25-34,38
Delaware,2010,25-34,
District of Columbia,2010,25-34,
Florida,2010,25-34,409
Georgia,2010,25-34,107
Hawaii,2010,25-34,
Idaho,2010,25-34,
Illinois,2010,25-34,219
Indiana,2010,25-34,88
Iowa,2010,25-34,28
Kansas,2010,25-34,18
Kentucky,2010,25-34,149
Louisiana,2010,25-34,31
Maine,2010,25-34,
Maryland,2010,25-34,120
Massachusetts,2010,25-34,143
Michigan,2010,25-34,154
Minnesota,2010,25-34,54
Mississippi,2010,25-34,
Missouri,2010,25-34,168
Montana,2010,25-34,16
Nebraska,2010,25-34,
Nevada,2010,25-34,71
New Hampshire,2010,25-34,
New Jersey,2010,25-34,71
New Mexico,2010,25-34,51
New York,2010,25-34,199
North Carolina,2010,25-34,172
North Dakota,2010,25-34,
Ohio,2010,25-34,264
Oklahoma,2010,25-34,109
Oregon,2010,25-34,71
Pennsylvania,2010,25-34,164
Rhode Island,2010,25-34,
South Carolina,2010,25-34,60
South Dakota,2010,25-34,
Tennessee,2010,25-34,141
Texas,2010,25-34,236
Utah,2010,25-34,95
Vermont,2010,25-34,
Virginia,2010,25-34,99
Washington,2010,25-34,106
West Virginia,2010,25-34,110
Wisconsin,2010,25-34,93
Wyoming,2010,25-34,11
Alabama,2011,25-34,40
Alaska,2011,25-34,
Arizona,2011,25-34,123
Arkansas,2011,25-34,46
California,2011,25-34,331
Colorado,2011,25-34,92
Connecticut,2011,25-34,53
Delaware,2011,25-34,33
District of Columbia,2011,25-34,
Florida,2011,25-34,393
Georgia,2011,25-34,121
Hawaii,2011,25-34,
Idaho,2011,25-34,15
Illinois,2011,25-34,263
Indiana,2011,25-34,97
Iowa,2011,25-34,38
Kansas,2011,25-34,29
Kentucky,2011,25-34,155
Louisiana,2011,25-34,
Maine,2011,25-34,
Maryland,2011,25-34,138
Massachusetts,2011,25-34,181
Michigan,2011,25-34,174
Minnesota,2011,25-34,53
Mississippi,2011,25-34,17
Missouri,2011,25-34,156
Montana,2011,25-34,
Nebraska,2011,25-34,16
Nevada,2011,25-34,86
New Hampshire,2011,25-34,34
New Jersey,2011,25-34,103
New Mexico,2011,25-34,53
New York,2011,25-34,315
North Carolina,2011,25-34,195
North Dakota,2011,25-34,
Ohio,2011,25-34,293
Oklahoma,2011,25-34,98
Oregon,2011,25-34,80
Pennsylvania,2011,25-34,222
Rhode Island,2011,25-34,
South Carolina,2011,25-34,56
South Dakota,2011,25-34,
Tennessee,2011,25-34,141
Texas,2011,25-34,274
Utah,2011,25-34,94
Vermont,2011,25-34,10
Virginia,2011,25-34,136
Washington,2011,25-34,132
West Virginia,2011,25-34,138
Wisconsin,2011,25-34,127
Wyoming,2011,25-34,
Alabama,2012,25-34,45
Alaska,2012,25-34,25
Arizona,2012,25-34,107
Arkansas,2012,25-34,37
California,2012,25-34,313
Colorado,2012,25-34,99
Connecticut,2012,25-34,50
Delaware,2012,25-34,21
District of Columbia,2012,25-34,
Florida,2012,25-34,275
Georgia,2012,25-34,123
Hawaii,2012,25-34,
Idaho,2012,25-34,
Illinois,2012,25-34,309
Indiana,2012,25-34,97
Iowa,2012,25-34,31
Kansas,2012,25-34,39
Kentucky,2012,25-34,151
Louisiana,2012,25-34,51
Maine,2012,25-34,
Maryland,2012,25-34,157
Massachusetts,2012,25-34,192
Michigan,2012,25-34,184
Minnesota,2012,25-34,70
Mississippi,2012,25-34,
Missouri,2012,25-34,147
Montana,2012,25-34,13
Nebraska,2012,25-34,12
Nevada,2012,25-34,71
New Hampshire,2012,25-34,37
New Jersey,2012,25-34,146
New Mexico,2012,25-34,69
New York,2012,25-34,363
North Carolina,2012,25-34,172
North Dakota,2012,25-34,
Ohio,2012,25-34,350
Oklahoma,2012,25-34,107
Oregon,2012,25-34,73
Pennsylvania,2012,25-34,261
Rhode Island,2012,25-34,29
South Carolina,2012,25-34,54
South Dakota,2012,25-34,10
Tennessee,2012,25-34,158
Texas,2012,25-34,268
Utah,2012,25-34,107
Vermont,2012,25-34,
Virginia,2012,25-34,132
Washington,2012,25-34,125
West Virginia,2012,25-34,110
Wisconsin,2012,25-34,131
Wyoming,2012,25-34,
Alabama,2013,25-34,53
Alaska,2013,25-34,
Arizona,2013,25-34,118
Arkansas,2013,25-34,39
California,2013,25-34,359
Colorado,2013,25-34,88
Connecticut,2013,25-34,113
Delaware,2013,25-34,
District of Columbia,2013,25-34,
Florida,2013,25-34,270
Georgia,2013,25-34,114
Hawaii,2013,25-34,
Idaho,2013,25-34,
Illinois,2013,25-34,286
Indiana,2013,25-34,106
Iowa,2013,25-34,31
Kansas,2013,25-34,33
Kentucky,2013,25-34,155
Louisiana,2013,25-34,72
Maine,2013,25-34,
Maryland,2013,25-34,198
Massachusetts,2013,25-34,246
Michigan,2013,25-34,232
Minnesota,2013,25-34,77
Mississippi,2013,25-34,
Missouri,2013,25-34,144
Montana,2013,25-34,12
Nebraska,2013,25-34,
Nevada,2013,25-34,75
New Hampshire,2013,25-34,35
New Jersey,2013,25-34,180
New Mexico,2013,25-34,59
New York,2013,25-34,399
North Carolina,2013,25-34,182
North Dakota,2013,25-34,
Ohio,2013,25-34,432
Oklahoma,2013,25-34,87
Oregon,2013,25-34,55
Pennsylvania,2013,25-34,290
Rhode Island,2013,25-34,42
South Carolina,2013,25-34,49
South Dakota,2013,25-34,
Tennessee,2013,25-34,149
Texas,2013,25-34,248
Utah,2013,25-34,120
Vermont,2013,25-34,
Virginia,2013,25-34,187
Washington,2013,25-34,127
West Virginia,2013,25-34,131
Wisconsin,2013,25-34,149
Wyoming,2013,25-34,
Alabama,2014,25-34,70
Alaska,2014,25-34,17
Arizona,2014,25-34,131
Arkansas,2014,25-34,31
California,2014,25-34,374
Colorado,2014,25-34,141
Connecticut,2014,25-34,127
Delaware,2014,25-34,
District of Columbia,2014,25-34,
Florida,2014,25-34,358
Georgia,2014,25-34,188
Hawaii,2014,25-34,
Idaho,2014,25-34,
Illinois,2014,25-34,314
Indiana,2014,25-34,128
Iowa,2014,25-34,28
Kansas,2014,25-34,40
Kentucky,2014,25-34,175
Louisiana,2014,25-34,73
Maine,2014,25-34,52
Maryland,2014,25-34,219
Massachusetts,2014,25-34,345
Michigan,2014,25-34,258
Minnesota,2014,25-34,73
Mississippi,2014,25-34,27
Missouri,2014,25-34,185
Montana,2014,25-34,
Nebraska,2014,25-34,17
Nevada,2014,25-34,65
New Hampshire,2014,25-34,97
New Jersey,2014,25-34,181
New Mexico,2014,25-34,95
New York,2014,25-34,449
North Carolina,2014,25-34,243
North Dakota,2014,25-34,11
Ohio,2014,25-34,560
Oklahoma,2014,25-34,92
Oregon,2014,25-34,78
Pennsylvania,2014,25-34,306
Rhode Island,2014,25-34,55
South Carolina,2014,25-34,81
South Dakota,2014,25-34,12
Tennessee,2014,25-34,196
Texas,2014,25-34,285
Utah,2014,25-34,118
Vermont,2014,25-34,
Virginia,2014,25-34,200
Washington,2014,25-34,129
West Virginia,2014,25-34,128
Wisconsin,2014,25-34,161
Wyoming,2014,25-34,14
Alabama,2015,25-34,75
Alaska,2015,25-34,24
Arizona,2015,25-34,149
Arkansas,2015,25-34,35
California,2015,25-34,390
Colorado,2015,25-34,148
Connecticut,2015,25-34,168
Delaware,2015,25-34,43
District of Columbia,2015,25-34,
Florida,2015,25-34,475
Georgia,2015,25-34,252
Hawaii,2015,25-34,
Idaho,2015,25-34,17
Illinois,2015,25-34,332
Indiana,2015,25-34,172
Iowa,2015,25-34,34
Kansas,2015,25-34,
Kentucky,2015,25-34,231
Louisiana,2015,25-34,75
Maine,2015,25-34,68
Maryland,2015,25-34,267
Massachusetts,2015,25-34,494
Michigan,2015,25-34,343
Minnesota,2015,25-34,87
Mississippi,2015,25-34,48
Missouri,2015,25-34,176
Montana,2015,25-34,10
Nebraska,2015,25-34,
Nevada,2015,25-34,81
New Hampshire,2015,25-34,129
New Jersey,2015,25-34,251
New Mexico,2015,25-34,82
New York,2015,25-34,593
North Carolina,2015,25-34,288
North Dakota,2015,25-34,10
Ohio,2015,25-34,783
Oklahoma,2015,25-34,86
Oregon,2015,25-34,71
Pennsylvania,2015,25-34,438
Rhode Island,2015,25-34,72
South Carolina,2015,25-34,131
South Dakota,2015,25-34,
Tennessee,2015,25-34,205
Texas,2015,25-34,329
Utah,2015,25-34,113
Vermont,2015,25-34,
Virginia,2015,25-34,230
Washington,2015,25-34,158
West Virginia,2015,25-34,125
Wisconsin,2015,25-34,172
Wyoming,2015,25-34,11
Alabama,2016,25-34,99
Alaska,2016,25-34,27
Arizona,2016,25-34,199
Arkansas,2016,25-34,36
California,2016,25-34,412
Colorado,2016,25-34,143
Connecticut,2016,25-34,225
Delaware,2016,25-34,54
District of Columbia,2016,25-34,
Florida,2016,25-34,815
Georgia,2016,25-34,243
Hawaii,2016,25-34,10
Idaho,2016,25-34,29
Illinois,2016,25-34,511
Indiana,2016,25-34,257
Iowa,2016,25-34,43
Kansas,2016,25-34,29
Kentucky,2016,25-34,219
Louisiana,2016,25-34,89
Maine,2016,25-34,88
Maryland,2016,25-34,463
Massachusetts,2016,25-34,629
Michigan,2016,25-34,495
Minnesota,2016,25-34,110
Mississippi,2016,25-34,44
Missouri,2016,25-34,266
Montana,2016,25-34,12
Nebraska,2016,25-34,16
Nevada,2016,25-34,74
New Hampshire,2016,25-34,151
New Jersey,2016,25-34,429
New Mexico,2016,25-34,91
New York,2016,25-34,863
North Carolina,2016,25-34,451
North Dakota,2016,25-34,13
Ohio,2016,25-34,1073
Oklahoma,2016,25-34,88
Oregon,2016,25-34,66
Pennsylvania,2016,25-34,752
Rhode Island,2016,25-34,77
South Carolina,2016,25-34,139
South Dakota,2016,25-34,14
Tennessee,2016,25-34,288
Texas,2016,25-34,330
Utah,2016,25-34,120
Vermont,2016,25-34,
Virginia,2016,25-34,341
Washington,2016,25-34,153
West Virginia,2016,25-34,181
Wisconsin,2016,25-34,237
Wyoming,2016,25-34,
Alabama,2017,25-34,122
Alaska,2017,25-34,
Arizona,2017,25-34,221
Arkansas,2017,25-34,53
California,2017,25-34,536
Colorado,2017,25-34,173
Connecticut,2017,25-34,261
Delaware,2017,25-34,65
District of Columbia,2017,25-34,
Florida,2017,25-34,947
Georgia,2017,25-34,279
Hawaii,2017,25-34,
Idaho,2017,25-34,
Illinois,2017,25-34,561
Indiana,2017,25-34,367
Iowa,2017,25-34,41
Kansas,2017,25-34,21
Kentucky,2017,25-34,303
Louisiana,2017,25-34,112
Maine,2017,25-34,115
Maryland,2017,25-34,534
Massachusetts,2017,25-34,587
Michigan,2017,25-34,572
Minnesota,2017,25-34,110
Mississippi,2017,25-34,44
Missouri,2017,25-34,279
Montana,2017,25-34,11
Nebraska,2017,25-34,
Nevada,2017,25-34,73
New Hampshire,2017,25-34,147
New Jersey,2017,25-34,541
New Mexico,2017,25-34,93
New York,2017,25-34,907
North Carolina,2017,25-34,589
North Dakota,2017,25-34,10
Ohio,2017,25-34,1263
Oklahoma,2017,25-34,73
Oregon,2017,25-34,76
Pennsylvania,2017,25-34,819
Rhode Island,2017,25-34,73
South Carolina,2017,25-34,193
South Dakota,2017,25-34,10
Tennessee,2017,25-34,303
Texas,2017,25-34,387
Utah,2017,25-34,117
Vermont,2017,25-34,37
Virginia,2017,25-34,366
Washington,2017,25-34,190
West Virginia,2017,25-34,212
Wisconsin,2017,25-34,281
Wyoming,2017,25-34,
Alabama,2018,25-34,95
Alaska,2018,25-34,14
Arizona,2018,25-34,283
Arkansas,2018,25-34,48
California,2018,25-34,610
Colorado,2018,25-34,159
Connecticut,2018,25-34,220
Delaware,2018,25-34,102
District of Columbia,2018,25-34,16
Florida,2018,25-34,898
Georgia,2018,25-34,220
Hawaii,2018,25-34,11
Idaho,2018,25-34,39
Illinois,2018,25-34,531
Indiana,2018,25-34,328
Iowa,2018,25-34,49
Kansas,2018,25-34,38
Kentucky,2018,25-34,273
Louisiana,2018,25-34,125
Maine,2018,25-34,80
Maryland,2018,25-34,511
Massachusetts,2018,25-34,630
Michigan,2018,25-34,533
Minnesota,2018,25-34,108
Mississippi,2018,25-34,41
Missouri,2018,25-34,329
Montana,2018,25-34,14
Nebraska,2018,25-34,17
Nevada,2018,25-34,79
New Hampshire,2018,25-34,133
New Jersey,2018,25-34,739
New Mexico,2018,25-34,75
New York,2018,25-34,829
North Carolina,2018,25-34,541
North Dakota,2018,25-34,12
Ohio,2018,25-34,951
Oklahoma,2018,25-34,80
Oregon,2018,25-34,81
Pennsylvania,2018,25-34,873
Rhode Island,2018,25-34,61
South Carolina,2018,25-34,206
South Dakota,2018,25-34,
Tennessee,2018,25-34,352
Texas,2018,25-34,358
Utah,2018,25-34,100
Vermont,2018,25-34,44
Virginia,2018,25-34,342
Washington,2018,25-34,182
West Virginia,2018,25-34,193
Wisconsin,2018,25-34,268
Wyoming,2018,25-34,10
Alabama,2009,35-44,53
Alaska,2009,35-44,18
Arizona,2009,35-44,112
Arkansas,2009,35-44,45
California,2009,35-44,403
Colorado,2009,35-44,82
Connecticut,2009,35-44,57
Delaware,2009,35-44,22
District of Columbia,2009,35-44,
Florida,2009,35-44,345
Georgia,2009,35-44,111
Hawaii,2009,35-44,11
Idaho,2009,35-44,
Illinois,2009,35-44,224
Indiana,2009,35-44,70
Iowa,2009,35-44,38
Kansas,2009,35-44,44
Kentucky,2009,35-44,126
Louisiana,2009,35-44,30
Maine,2009,35-44,27
Maryland,2009,35-44,126
Massachusetts,2009,35-44,141
Michigan,2009,35-44,175
Minnesota,2009,35-44,74
Mississippi,2009,35-44,
Missouri,2009,35-44,108
Montana,2009,35-44,21
Nebraska,2009,35-44,16
Nevada,2009,35-44,96
New Hampshire,2009,35-44,28
New Jersey,2009,35-44,
New Mexico,2009,35-44,50
New York,2009,35-44,253
North Carolina,2009,35-44,227
North Dakota,2009,35-44,
Ohio,2009,35-44,161
Oklahoma,2009,35-44,122
Oregon,2009,35-44,84
Pennsylvania,2009,35-44,146
Rhode Island,2009,35-44,29
South Carolina,2009,35-44,52
South Dakota,2009,35-44,
Tennessee,2009,35-44,142
Texas,2009,35-44,254
Utah,2009,35-44,94
Vermont,2009,35-44,
Virginia,2009,35-44,130
Washington,2009,35-44,161
West Virginia,2009,35-44,43
Wisconsin,2009,35-44,78
Wyoming,2009,35-44,
Alabama,2010,35-44,43
Alaska,2010,35-44,17
Arizona,2010,35-44,116
Arkansas,2010,35-44,47
California,2010,35-44,349
Colorado,2010,35-44,65
Connecticut,2010,35-44,63
Delaware,2010,35-44,
District of Columbia,2010,35-44,10
Florida,2010,35-44,369
Georgia,2010,35-44,126
Hawaii,2010,35-44,
Idaho,2010,35-44,
Illinois,2010,35-44,214
Indiana,2010,35-44,54
Iowa,2010,35-44,39
Kansas,2010,35-44,24
Kentucky,2010,35-44,179
Louisiana,2010,35-44,32
Maine,2010,35-44,
Maryland,2010,35-44,119
Massachusetts,2010,35-44,137
Michigan,2010,35-44,139
Minnesota,2010,35-44,50
Mississippi,2010,35-44,
Missouri,2010,35-44,137
Montana,2010,35-44,18
Nebraska,2010,35-44,21
Nevada,2010,35-44,95
New Hampshire,2010,35-44,
New Jersey,2010,35-44,94
New Mexico,2010,35-44,38
New York,2010,35-44,244
North Carolina,2010,35-44,180
North Dakota,2010,35-44,
Ohio,2010,35-44,275
Oklahoma,2010,35-44,122
Oregon,2010,35-44,69
Pennsylvania,2010,35-44,138
Rhode Island,2010,35-44,
South Carolina,2010,35-44,56
South Dakota,2010,35-44,12
Tennessee,2010,35-44,149
Texas,2010,35-44,223
Utah,2010,35-44,73
Vermont,2010,35-44,
Virginia,2010,35-44,100
Washington,2010,35-44,118
West Virginia,2010,35-44,131
Wisconsin,2010,35-44,93
Wyoming,2010,35-44,13
Alabama,2011,35-44,37
Alaska,2011,35-44,
Arizona,2011,35-44,106
Arkansas,2011,35-44,46
California,2011,35-44,348
Colorado,2011,35-44,95
Connecticut,2011,35-44,47
Delaware,2011,35-44,18
District of Columbia,2011,35-44,
Florida,2011,35-44,338
Georgia,2011,35-44,132
Hawaii,2011,35-44,16
Idaho,2011,35-44,18
Illinois,2011,35-44,199
Indiana,2011,35-44,80
Iowa,2011,35-44,41
Kansas,2011,35-44,28
Kentucky,2011,35-44,201
Louisiana,2011,35-44,
Maine,2011,35-44,
Maryland,2011,35-44,103
Massachusetts,2011,35-44,155
Michigan,2011,35-44,168
Minnesota,2011,35-44,61
Mississippi,2011,35-44,28
Missouri,2011,35-44,140
Montana,2011,35-44,
Nebraska,2011,35-44,
Nevada,2011,35-44,87
New Hampshire,2011,35-44,34
New Jersey,2011,35-44,98
New Mexico,2011,35-44,51
New York,2011,35-44,278
North Carolina,2011,35-44,194
North Dakota,2011,35-44,
Ohio,2011,35-44,288
Oklahoma,2011,35-44,95
Oregon,2011,35-44,98
Pennsylvania,2011,35-44,157
Rhode Island,2011,35-44,
South Carolina,2011,35-44,58
South Dakota,2011,35-44,10
Tennessee,2011,35-44,171
Texas,2011,35-44,229
Utah,2011,35-44,88
Vermont,2011,35-44,16
Virginia,2011,35-44,152
Washington,2011,35-44,158
West Virginia,2011,35-44,163
Wisconsin,2011,35-44,90
Wyoming,2011,35-44,10
Alabama,2012,35-44,44
Alaska,2012,35-44,14
Arizona,2012,35-44,107
Arkansas,2012,35-44,40
California,2012,35-44,290
Colorado,2012,35-44,89
Connecticut,2012,35-44,49
Delaware,2012,35-44,16
District of Columbia,2012,35-44,13
Florida,2012,35-44,280
Georgia,2012,35-44,131
Hawaii,2012,35-44,
Idaho,2012,35-44,
Illinois,2012,35-44,241
Indiana,2012,35-44,89
Iowa,2012,35-44,45
Kansas,2012,35-44,42
Kentucky,2012,35-44,157
Louisiana,2012,35-44,34
Maine,2012,35-44,
Maryland,2012,35-44,132
Massachusetts,2012,35-44,169
Michigan,2012,35-44,126
Minnesota,2012,35-44,49
Mississippi,2012,35-44,
Missouri,2012,35-44,131
Montana,2012,35-44,
Nebraska,2012,35-44,13
Nevada,2012,35-44,82
New Hampshire,2012,35-44,34
New Jersey,2012,35-44,142
New Mexico,2012,35-44,84
New York,2012,35-44,307
North Carolina,2012,35-44,198
North Dakota,2012,35-44,
Ohio,2012,35-44,339
Oklahoma,2012,35-44,107
Oregon,2012,35-44,76
Pennsylvania,2012,35-44,172
Rhode Island,2012,35-44,30
South Carolina,2012,35-44,55
South Dakota,2012,35-44,
Tennessee,2012,35-44,195
Texas,2012,35-44,233
Utah,2012,35-44,89
Vermont,2012,35-44,
Virginia,2012,35-44,142
Washington,2012,35-44,126
West Virginia,2012,35-44,153
Wisconsin,2012,35-44,107
Wyoming,2012,35-44,
Alabama,2013,35-44,32
Alaska,2013,35-44,
Arizona,2013,35-44,102
Arkansas,2013,35-44,31
California,2013,35-44,332
Colorado,2013,35-44,84
Connecticut,2013,35-44,92
Delaware,2013,35-44,
District of Columbia,2013,35-44,
Florida,2013,35-44,279
Georgia,2013,35-44,125
Hawaii,2013,35-44,
Idaho,2013,35-44,
Illinois,2013,35-44,217
Indiana,2013,35-44,84
Iowa,2013,35-44,47
Kansas,2013,35-44,37
Kentucky,2013,35-44,166
Louisiana,2013,35-44,72
Maine,2013,35-44,
Maryland,2013,35-44,145
Massachusetts,2013,35-44,214
Michigan,2013,35-44,182
Minnesota,2013,35-44,56
Mississippi,2013,35-44,
Missouri,2013,35-44,158
Montana,2013,35-44,16
Nebraska,2013,35-44,
Nevada,2013,35-44,64
New Hampshire,2013,35-44,33
New Jersey,2013,35-44,133
New Mexico,2013,35-44,76
New York,2013,35-44,312
North Carolina,2013,35-44,221
North Dakota,2013,35-44,
Ohio,2013,35-44,372
Oklahoma,2013,35-44,100
Oregon,2013,35-44,72
Pennsylvania,2013,35-44,212
Rhode Island,2013,35-44,39
South Carolina,2013,35-44,63
South Dakota,2013,35-44,
Tennessee,2013,35-44,198
Texas,2013,35-44,210
Utah,2013,35-44,91
Vermont,2013,35-44,
Virginia,2013,35-44,143
Washington,2013,35-44,137
West Virginia,2013,35-44,125
Wisconsin,2013,35-44,126
Wyoming,2013,35-44,13
Alabama,2014,35-44,56
Alaska,2014,35-44,23
Arizona,2014,35-44,106
Arkansas,2014,35-44,50
California,2014,35-44,320
Colorado,2014,35-44,115
Connecticut,2014,35-44,136
Delaware,2014,35-44,
District of Columbia,2014,35-44,
Florida,2014,35-44,315
Georgia,2014,35-44,157
Hawaii,2014,35-44,
Idaho,2014,35-44,
Illinois,2014,35-44,282
Indiana,2014,35-44,110
Iowa,2014,35-44,36
Kansas,2014,35-44,28
Kentucky,2014,35-44,182
Louisiana,2014,35-44,61
Maine,2014,35-44,38
Maryland,2014,35-44,183
Massachusetts,2014,35-44,270
Michigan,2014,35-44,228
Minnesota,2014,35-44,81
Mississippi,2014,35-44,19
Missouri,2014,35-44,155
Montana,2014,35-44,
Nebraska,2014,35-44,16
Nevada,2014,35-44,64
New Hampshire,2014,35-44,62
New Jersey,2014,35-44,156
New Mexico,2014,35-44,98
New York,2014,35-44,357
North Carolina,2014,35-44,252
North Dakota,2014,35-44,10
Ohio,2014,35-44,534
Oklahoma,2014,35-44,95
Oregon,2014,35-44,62
Pennsylvania,2014,35-44,245
Rhode Island,2014,35-44,51
South Carolina,2014,35-44,118
South Dakota,2014,35-44,
Tennessee,2014,35-44,214
Texas,2014,35-44,240
Utah,2014,35-44,117
Vermont,2014,35-44,
Virginia,2014,35-44,193
Washington,2014,35-44,126
West Virginia,2014,35-44,147
Wisconsin,2014,35-44,131
Wyoming,2014,35-44,
Alabama,2015,35-44,74
Alaska,2015,35-44,13
Arizona,2015,35-44,148
Arkansas,2015,35-44,59
California,2015,35-44,342
Colorado,2015,35-44,98
Connecticut,2015,35-44,146
Delaware,2015,35-44,29
District of Columbia,2015,35-44,10
Florida,2015,35-44,442
Georgia,2015,35-44,189
Hawaii,2015,35-44,12
Idaho,2015,35-44,28
Illinois,2015,35-44,324
Indiana,2015,35-44,117
Iowa,2015,35-44,44
Kansas,2015,35-44,
Kentucky,2015,35-44,248
Louisiana,2015,35-44,78
Maine,2015,35-44,58
Maryland,2015,35-44,238
Massachusetts,2015,35-44,384
Michigan,2015,35-44,285
Minnesota,2015,35-44,73
Mississippi,2015,35-44,35
Missouri,2015,35-44,151
Montana,2015,35-44,13
Nebraska,2015,35-44,
Nevada,2015,35-44,75
New Hampshire,2015,35-44,99
New Jersey,2015,35-44,178
New Mexico,2015,35-44,84
New York,2015,35-44,447
North Carolina,2015,35-44,278
North Dakota,2015,35-44,
Ohio,2015,35-44,711
Oklahoma,2015,35-44,93
Oregon,2015,35-44,66
Pennsylvania,2015,35-44,301
Rhode Island,2015,35-44,46
South Carolina,2015,35-44,118
South Dakota,2015,35-44,
Tennessee,2015,35-44,260
Texas,2015,35-44,235
Utah,2015,35-44,112
Vermont,2015,35-44,
Virginia,2015,35-44,213
Washington,2015,35-44,122
West Virginia,2015,35-44,178
Wisconsin,2015,35-44,136
Wyoming,2015,35-44,11
Alabama,2016,35-44,98
Alaska,2016,35-44,22
Arizona,2016,35-44,147
Arkansas,2016,35-44,43
California,2016,35-44,331
Colorado,2016,35-44,123
Connecticut,2016,35-44,195
Delaware,2016,35-44,30
District of Columbia,2016,35-44,
Florida,2016,35-44,716
Georgia,2016,35-44,195
Hawaii,2016,35-44,15
Idaho,2016,35-44,29
Illinois,2016,35-44,462
Indiana,2016,35-44,186
Iowa,2016,35-44,39
Kansas,2016,35-44,32
Kentucky,2016,35-44,307
Louisiana,2016,35-44,92
Maine,2016,35-44,84
Maryland,2016,35-44,374
Massachusetts,2016,35-44,498
Michigan,2016,35-44,407
Minnesota,2016,35-44,87
Mississippi,2016,35-44,40
Missouri,2016,35-44,227
Montana,2016,35-44,
Nebraska,2016,35-44,10
Nevada,2016,35-44,71
New Hampshire,2016,35-44,107
New Jersey,2016,35-44,292
New Mexico,2016,35-44,77
New York,2016,35-44,622
North Carolina,2016,35-44,375
North Dakota,2016,35-44,13
Ohio,2016,35-44,915
Oklahoma,2016,35-44,106
Oregon,2016,35-44,66
Pennsylvania,2016,35-44,511
Rhode Island,2016,35-44,55
South Carolina,2016,35-44,153
South Dakota,2016,35-44,
Tennessee,2016,35-44,279
Texas,2016,35-44,259
Utah,2016,35-44,130
Vermont,2016,35-44,
Virginia,2016,35-44,273
Washington,2016,35-44,143
West Virginia,2016,35-44,218
Wisconsin,2016,35-44,212
Wyoming,2016,35-44,13
Alabama,2017,35-44,101
Alaska,2017,35-44,
Arizona,2017,35-44,185
Arkansas,2017,35-44,38
California,2017,35-44,380
Colorado,2017,35-44,130
Connecticut,2017,35-44,230
Delaware,2017,35-44,63
District of Columbia,2017,35-44,
Florida,2017,35-44,840
Georgia,2017,35-44,232
Hawaii,2017,35-44,
Idaho,2017,35-44,
Illinois,2017,35-44,485
Indiana,2017,35-44,306
Iowa,2017,35-44,41
Kansas,2017,35-44,31
Kentucky,2017,35-44,353
Louisiana,2017,35-44,119
Maine,2017,35-44,96
Maryland,2017,35-44,417
Massachusetts,2017,35-44,466
Michigan,2017,35-44,455
Minnesota,2017,35-44,84
Mississippi,2017,35-44,44
Missouri,2017,35-44,256
Montana,2017,35-44,
Nebraska,2017,35-44,
Nevada,2017,35-44,74
New Hampshire,2017,35-44,95
New Jersey,2017,35-44,419
New Mexico,2017,35-44,76
New York,2017,35-44,702
North Carolina,2017,35-44,479
North Dakota,2017,35-44,
Ohio,2017,35-44,1136
Oklahoma,2017,35-44,93
Oregon,2017,35-44,71
Pennsylvania,2017,35-44,636
Rhode Island,2017,35-44,70
South Carolina,2017,35-44,174
South Dakota,2017,35-44,
Tennessee,2017,35-44,307
Texas,2017,35-44,301
Utah,2017,35-44,109
Vermont,2017,35-44,28
Virginia,2017,35-44,308
Washington,2017,35-44,128
West Virginia,2017,35-44,240
Wisconsin,2017,35-44,223
Wyoming,2017,35-44,12
Alabama,2018,35-44,115
Alaska,2018,35-44,12
Arizona,2018,35-44,232
Arkansas,2018,35-44,55
California,2018,35-44,432
Colorado,2018,35-44,112
Connecticut,2018,35-44,244
Delaware,2018,35-44,103
District of Columbia,2018,35-44,27
Florida,2018,35-44,840
Georgia,2018,35-44,230
Hawaii,2018,35-44,14
Idaho,2018,35-44,22
Illinois,2018,35-44,505
Indiana,2018,35-44,295
Iowa,2018,35-44,31
Kansas,2018,35-44,40
Kentucky,2018,35-44,271
Louisiana,2018,35-44,130
Maine,2018,35-44,85
Maryland,2018,35-44,448
Massachusetts,2018,35-44,517
Michigan,2018,35-44,472
Minnesota,2018,35-44,64
Mississippi,2018,35-44,43
Missouri,2018,35-44,300
Montana,2018,35-44,16
Nebraska,2018,35-44,15
Nevada,2018,35-44,64
New Hampshire,2018,35-44,109
New Jersey,2018,35-44,641
New Mexico,2018,35-44,76
New York,2018,35-44,636
North Carolina,2018,35-44,466
North Dakota,2018,35-44,14
Ohio,2018,35-44,915
Oklahoma,2018,35-44,58
Oregon,2018,35-44,90
Pennsylvania,2018,35-44,749
Rhode Island,2018,35-44,78
South Carolina,2018,35-44,208
South Dakota,2018,35-44,
Tennessee,2018,35-44,330
Texas,2018,35-44,300
Utah,2018,35-44,100
Vermont,2018,35-44,33
Virginia,2018,35-44,325
Washington,2018,35-44,147
West Virginia,2018,35-44,194
Wisconsin,2018,35-44,199
Wyoming,2018,35-44,
Alabama,2009,45-54,52
Alaska,2009,45-54,29
Arizona,2009,45-54,191
Arkansas,2009,45-54,61
California,2009,45-54,657
Colorado,2009,45-54,106
Connecticut,2009,45-54,54
Delaware,2009,45-54,21
District of Columbia,2009,45-54,
Florida,2009,45-54,480
Georgia,2009,45-54,147
Hawaii,2009,45-54,20
Idaho,2009,45-54,
Illinois,2009,45-54,233
Indiana,2009,45-54,100
Iowa,2009,45-54,32
Kansas,2009,45-54,42
Kentucky,2009,45-54,134
Louisiana,2009,45-54,37
Maine,2009,45-54,40
Maryland,2009,45-54,185
Massachusetts,2009,45-54,182
Michigan,2009,45-54,228
Minnesota,2009,45-54,71
Mississippi,2009,45-54,
Missouri,2009,45-54,137
Montana,2009,45-54,38
Nebraska,2009,45-54,26
Nevada,2009,45-54,144
New Hampshire,2009,45-54,35
New Jersey,2009,45-54,
New Mexico,2009,45-54,53
New York,2009,45-54,333
North Carolina,2009,45-54,230
North Dakota,2009,45-54,
Ohio,2009,45-54,189
Oklahoma,2009,45-54,176
Oregon,2009,45-54,122
Pennsylvania,2009,45-54,153
Rhode Island,2009,45-54,38
South Carolina,2009,45-54,79
South Dakota,2009,45-54,10
Tennessee,2009,45-54,153
Texas,2009,45-54,313
Utah,2009,45-54,87
Vermont,2009,45-54,12
Virginia,2009,45-54,132
Washington,2009,45-54,213
West Virginia,2009,45-54,60
Wisconsin,2009,45-54,118
Wyoming,2009,45-54,
Alabama,2010,45-54,44
Alaska,2010,45-54,20
Arizona,2010,45-54,168
Arkansas,2010,45-54,35
California,2010,45-54,573
Colorado,2010,45-54,90
Connecticut,2010,45-54,76
Delaware,2010,45-54,
District of Columbia,2010,45-54,14
Florida,2010,45-54,452
Georgia,2010,45-54,148
Hawaii,2010,45-54,
Idaho,2010,45-54,
Illinois,2010,45-54,217
Indiana,2010,45-54,77
Iowa,2010,45-54,51
Kansas,2010,45-54,36
Kentucky,2010,45-54,158
Louisiana,2010,45-54,31
Maine,2010,45-54,
Maryland,2010,45-54,156
Massachusetts,2010,45-54,136
Michigan,2010,45-54,206
Minnesota,2010,45-54,67
Mississippi,2010,45-54,
Missouri,2010,45-54,145
Montana,2010,45-54,10
Nebraska,2010,45-54,14
Nevada,2010,45-54,123
New Hampshire,2010,45-54,
New Jersey,2010,45-54,102
New Mexico,2010,45-54,44
New York,2010,45-54,332
North Carolina,2010,45-54,237
North Dakota,2010,45-54,
Ohio,2010,45-54,320
Oklahoma,2010,45-54,142
Oregon,2010,45-54,93
Pennsylvania,2010,45-54,151
Rhode Island,2010,45-54,
South Carolina,2010,45-54,91
South Dakota,2010,45-54,
Tennessee,2010,45-54,201
Texas,2010,45-54,298
Utah,2010,45-54,74
Vermont,2010,45-54,
Virginia,2010,45-54,110
Washington,2010,45-54,207
West Virginia,2010,45-54,114
Wisconsin,2010,45-54,123
Wyoming,2010,45-54,14
Alabama,2011,45-54,56
Alaska,2011,45-54,
Arizona,2011,45-54,138
Arkansas,2011,45-54,41
California,2011,45-54,580
Colorado,2011,45-54,98
Connecticut,2011,45-54,51
Delaware,2011,45-54,33
District of Columbia,2011,45-54,19
Florida,2011,45-54,460
Georgia,2011,45-54,148
Hawaii,2011,45-54,24
Idaho,2011,45-54,19
Illinois,2011,45-54,213
Indiana,2011,45-54,94
Iowa,2011,45-54,46
Kansas,2011,45-54,31
Kentucky,2011,45-54,192
Louisiana,2011,45-54,
Maine,2011,45-54,
Maryland,2011,45-54,165
Massachusetts,2011,45-54,165
Michigan,2011,45-54,192
Minnesota,2011,45-54,78
Mississippi,2011,45-54,24
Missouri,2011,45-54,156
Montana,2011,45-54,
Nebraska,2011,45-54,16
Nevada,2011,45-54,127
New Hampshire,2011,45-54,42
New Jersey,2011,45-54,121
New Mexico,2011,45-54,57
New York,2011,45-54,387
North Carolina,2011,45-54,233
North Dakota,2011,45-54,
Ohio,2011,45-54,408
Oklahoma,2011,45-54,159
Oregon,2011,45-54,96
Pennsylvania,2011,45-54,180
Rhode Island,2011,45-54,
South Carolina,2011,45-54,67
South Dakota,2011,45-54,
Tennessee,2011,45-54,188
Texas,2011,45-54,278
Utah,2011,45-54,89
Vermont,2011,45-54,13
Virginia,2011,45-54,152
Washington,2011,45-54,194
West Virginia,2011,45-54,157
Wisconsin,2011,45-54,120
Wyoming,2011,45-54,
Alabama,2012,45-54,42
Alaska,2012,45-54,17
Arizona,2012,45-54,140
Arkansas,2012,45-54,38
California,2012,45-54,471
Colorado,2012,45-54,97
Connecticut,2012,45-54,52
Delaware,2012,45-54,23
District of Columbia,2012,45-54,18
Florida,2012,45-54,397
Georgia,2012,45-54,146
Hawaii,2012,45-54,
Idaho,2012,45-54,
Illinois,2012,45-54,302
Indiana,2012,45-54,83
Iowa,2012,45-54,52
Kansas,2012,45-54,44
Kentucky,2012,45-54,212
Louisiana,2012,45-54,32
Maine,2012,45-54,
Maryland,2012,45-54,194
Massachusetts,2012,45-54,192
Michigan,2012,45-54,192
Minnesota,2012,45-54,69
Mississippi,2012,45-54,
Missouri,2012,45-54,134
Montana,2012,45-54,18
Nebraska,2012,45-54,12
Nevada,2012,45-54,136
New Hampshire,2012,45-54,35
New Jersey,2012,45-54,166
New Mexico,2012,45-54,71
New York,2012,45-54,414
North Carolina,2012,45-54,240
North Dakota,2012,45-54,
Ohio,2012,45-54,373
Oklahoma,2012,45-54,161
Oregon,2012,45-54,107
Pennsylvania,2012,45-54,193
Rhode Island,2012,45-54,44
South Carolina,2012,45-54,54
South Dakota,2012,45-54,
Tennessee,2012,45-54,203
Texas,2012,45-54,269
Utah,2012,45-54,118
Vermont,2012,45-54,
Virginia,2012,45-54,150
Washington,2012,45-54,206
West Virginia,2012,45-54,131
Wisconsin,2012,45-54,115
Wyoming,2012,45-54,13
Alabama,2013,45-54,34
Alaska,2013,45-54,
Arizona,2013,45-54,132
Arkansas,2013,45-54,34
California,2013,45-54,502
Colorado,2013,45-54,100
Connecticut,2013,45-54,114
Delaware,2013,45-54,
District of Columbia,2013,45-54,15
Florida,2013,45-54,361
Georgia,2013,45-54,139
Hawaii,2013,45-54,
Idaho,2013,45-54,
Illinois,2013,45-54,262
Indiana,2013,45-54,77
Iowa,2013,45-54,41
Kansas,2013,45-54,42
Kentucky,2013,45-54,184
Louisiana,2013,45-54,46
Maine,2013,45-54,
Maryland,2013,45-54,210
Massachusetts,2013,45-54,243
Michigan,2013,45-54,232
Minnesota,2013,45-54,83
Mississippi,2013,45-54,
Missouri,2013,45-54,161
Montana,2013,45-54,26
Nebraska,2013,45-54,13
Nevada,2013,45-54,114
New Hampshire,2013,45-54,45
New Jersey,2013,45-54,178
New Mexico,2013,45-54,84
New York,2013,45-54,426
North Carolina,2013,45-54,239
North Dakota,2013,45-54,
Ohio,2013,45-54,455
Oklahoma,2013,45-54,149
Oregon,2013,45-54,69
Pennsylvania,2013,45-54,209
Rhode Island,2013,45-54,68
South Carolina,2013,45-54,78
South Dakota,2013,45-54,13
Tennessee,2013,45-54,210
Texas,2013,45-54,236
Utah,2013,45-54,98
Vermont,2013,45-54,
Virginia,2013,45-54,151
Washington,2013,45-54,166
West Virginia,2013,45-54,132
Wisconsin,2013,45-54,138
Wyoming,2013,45-54,13
Alabama,2014,45-54,66
Alaska,2014,45-54,10
Arizona,2014,45-54,122
Arkansas,2014,45-54,51
California,2014,45-54,504
Colorado,2014,45-54,106
Connecticut,2014,45-54,147
Delaware,2014,45-54,
District of Columbia,2014,45-54,27
Florida,2014,45-54,332
Georgia,2014,45-54,155
Hawaii,2014,45-54,18
Idaho,2014,45-54,
Illinois,2014,45-54,282
Indiana,2014,45-54,102
Iowa,2014,45-54,42
Kansas,2014,45-54,44
Kentucky,2014,45-54,186
Louisiana,2014,45-54,55
Maine,2014,45-54,46
Maryland,2014,45-54,249
Massachusetts,2014,45-54,279
Michigan,2014,45-54,257
Minnesota,2014,45-54,71
Mississippi,2014,45-54,30
Missouri,2014,45-54,177
Montana,2014,45-54,
Nebraska,2014,45-54,11
Nevada,2014,45-54,98
New Hampshire,2014,45-54,67
New Jersey,2014,45-54,189
New Mexico,2014,45-54,93
New York,2014,45-54,422
North Carolina,2014,45-54,231
North Dakota,2014,45-54,
Ohio,2014,45-54,490
Oklahoma,2014,45-54,147
Oregon,2014,45-54,78
Pennsylvania,2014,45-54,222
Rhode Island,2014,45-54,49
South Carolina,2014,45-54,148
South Dakota,2014,45-54,
Tennessee,2014,45-54,263
Texas,2014,45-54,249
Utah,2014,45-54,99
Vermont,2014,45-54,
Virginia,2014,45-54,176
Washington,2014,45-54,188
West Virginia,2014,45-54,159
Wisconsin,2014,45-54,151
Wyoming,2014,45-54,16
Alabama,2015,45-54,72
Alaska,2015,45-54,15
Arizona,2015,45-54,147
Arkansas,2015,45-54,52
California,2015,45-54,447
Colorado,2015,45-54,94
Connecticut,2015,45-54,176
Delaware,2015,45-54,33
District of Columbia,2015,45-54,35
Florida,2015,45-54,384
Georgia,2015,45-54,171
Hawaii,2015,45-54,10
Idaho,2015,45-54,22
Illinois,2015,45-54,315
Indiana,2015,45-54,106
Iowa,2015,45-54,41
Kansas,2015,45-54,
Kentucky,2015,45-54,229
Louisiana,2015,45-54,57
Maine,2015,45-54,60
Maryland,2015,45-54,286
Massachusetts,2015,45-54,344
Michigan,2015,45-54,305
Minnesota,2015,45-54,71
Mississippi,2015,45-54,38
Missouri,2015,45-54,150
Montana,2015,45-54,14
Nebraska,2015,45-54,
Nevada,2015,45-54,96
New Hampshire,2015,45-54,73
New Jersey,2015,45-54,210
New Mexico,2015,45-54,89
New York,2015,45-54,512
North Carolina,2015,45-54,313
North Dakota,2015,45-54,
Ohio,2015,45-54,569
Oklahoma,2015,45-54,114
Oregon,2015,45-54,77
Pennsylvania,2015,45-54,265
Rhode Island,2015,45-54,55
South Carolina,2015,45-54,141
South Dakota,2015,45-54,
Tennessee,2015,45-54,297
Texas,2015,45-54,275
Utah,2015,45-54,82
Vermont,2015,45-54,
Virginia,2015,45-54,171
Washington,2015,45-54,177
West Virginia,2015,45-54,171
Wisconsin,2015,45-54,150
Wyoming,2015,45-54,
Alabama,2016,45-54,58
Alaska,2016,45-54,17
Arizona,2016,45-54,145
Arkansas,2016,45-54,40
California,2016,45-54,389
Colorado,2016,45-54,103
Connecticut,2016,45-54,218
Delaware,2016,45-54,37
District of Columbia,2016,45-54,
Florida,2016,45-54,541
Georgia,2016,45-54,207
Hawaii,2016,45-54,10
Idaho,2016,45-54,24
Illinois,2016,45-54,442
Indiana,2016,45-54,168
Iowa,2016,45-54,47
Kansas,2016,45-54,29
Kentucky,2016,45-54,243
Louisiana,2016,45-54,75
Maine,2016,45-54,69
Maryland,2016,45-54,480
Massachusetts,2016,45-54,412
Michigan,2016,45-54,381
Minnesota,2016,45-54,78
Mississippi,2016,45-54,41
Missouri,2016,45-54,171
Montana,2016,45-54,
Nebraska,2016,45-54,
Nevada,2016,45-54,98
New Hampshire,2016,45-54,79
New Jersey,2016,45-54,328
New Mexico,2016,45-54,67
New York,2016,45-54,665
North Carolina,2016,45-54,319
North Dakota,2016,45-54,11
Ohio,2016,45-54,750
Oklahoma,2016,45-54,100
Oregon,2016,45-54,67
Pennsylvania,2016,45-54,427
Rhode Island,2016,45-54,78
South Carolina,2016,45-54,159
South Dakota,2016,45-54,
Tennessee,2016,45-54,297
Texas,2016,45-54,286
Utah,2016,45-54,91
Vermont,2016,45-54,
Virginia,2016,45-54,225
Washington,2016,45-54,149
West Virginia,2016,45-54,176
Wisconsin,2016,45-54,168
Wyoming,2016,45-54,
Alabama,2017,45-54,96
Alaska,2017,45-54,
Arizona,2017,45-54,176
Arkansas,2017,45-54,39
California,2017,45-54,402
Colorado,2017,45-54,93
Connecticut,2017,45-54,210
Delaware,2017,45-54,59
District of Columbia,2017,45-54,
Florida,2017,45-54,653
Georgia,2017,45-54,222
Hawaii,2017,45-54,
Idaho,2017,45-54,
Illinois,2017,45-54,533
Indiana,2017,45-54,228
Iowa,2017,45-54,57
Kansas,2017,45-54,35
Kentucky,2017,45-54,278
Louisiana,2017,45-54,93
Maine,2017,45-54,79
Maryland,2017,45-54,471
Massachusetts,2017,45-54,432
Michigan,2017,45-54,432
Minnesota,2017,45-54,99
Mississippi,2017,45-54,47
Missouri,2017,45-54,162
Montana,2017,45-54,
Nebraska,2017,45-54,
Nevada,2017,45-54,103
New Hampshire,2017,45-54,94
New Jersey,2017,45-54,480
New Mexico,2017,45-54,69
New York,2017,45-54,738
North Carolina,2017,45-54,413
North Dakota,2017,45-54,
Ohio,2017,45-54,894
Oklahoma,2017,45-54,100
Oregon,2017,45-54,60
Pennsylvania,2017,45-54,463
Rhode Island,2017,45-54,68
South Carolina,2017,45-54,180
South Dakota,2017,45-54,
Tennessee,2017,45-54,306
Texas,2017,45-54,288
Utah,2017,45-54,80
Vermont,2017,45-54,16
Virginia,2017,45-54,269
Washington,2017,45-54,168
West Virginia,2017,45-54,187
Wisconsin,2017,45-54,175
Wyoming,2017,45-54,15
Alabama,2018,45-54,72
Alaska,2018,45-54,15
Arizona,2018,45-54,179
Arkansas,2018,45-54,48
California,2018,45-54,456
Colorado,2018,45-54,96
Connecticut,2018,45-54,230
Delaware,2018,45-54,69
District of Columbia,2018,45-54,44
Florida,2018,45-54,653
Georgia,2018,45-54,165
Hawaii,2018,45-54,14
Idaho,2018,45-54,21
Illinois,2018,45-54,497
Indiana,2018,45-54,197
Iowa,2018,45-54,21
Kansas,2018,45-54,32
Kentucky,2018,45-54,215
Louisiana,2018,45-54,85
Maine,2018,45-54,64
Maryland,2018,45-54,488
Massachusetts,2018,45-54,414
Michigan,2018,45-54,434
Minnesota,2018,45-54,71
Mississippi,2018,45-54,45
Missouri,2018,45-54,186
Montana,2018,45-54,
Nebraska,2018,45-54,
Nevada,2018,45-54,84
New Hampshire,2018,45-54,91
New Jersey,2018,45-54,568
New Mexico,2018,45-54,67
New York,2018,45-54,671
North Carolina,2018,45-54,351
North Dakota,2018,45-54,
Ohio,2018,45-54,610
Oklahoma,2018,45-54,56
Oregon,2018,45-54,59
Pennsylvania,2018,45-54,550
Rhode Island,2018,45-54,48
South Carolina,2018,45-54,175
South Dakota,2018,45-54,
Tennessee,2018,45-54,299
Texas,2018,45-54,270
Utah,2018,45-54,94
Vermont,2018,45-54,28
Virginia,2018,45-54,240
Washington,2018,45-54,139
West Virginia,2018,45-54,154
Wisconsin,2018,45-54,168
Wyoming,2018,45-54,
Alabama,2009,55+,18
Alaska,2009,55+,17
Arizona,2009,55+,88
Arkansas,2009,55+,17
California,2009,55+,477
Colorado,2009,55+,61
Connecticut,2009,55+,24
Delaware,2009,55+,
District of Columbia,2009,55+,
Florida,2009,55+,234
Georgia,2009,55+,73
Hawaii,2009,55+,14
Idaho,2009,55+,
Illinois,2009,55+,86
Indiana,2009,55+,43
Iowa,2009,55+,19
Kansas,2009,55+,19
Kentucky,2009,55+,45
Louisiana,2009,55+,13
Maine,2009,55+,13
Maryland,2009,55+,88
Massachusetts,2009,55+,80
Michigan,2009,55+,103
Minnesota,2009,55+,46
Mississippi,2009,55+,
Missouri,2009,55+,61
Montana,2009,55+,
Nebraska,2009,55+,11
Nevada,2009,55+,87
New Hampshire,2009,55+,18
New Jersey,2009,55+,
New Mexico,2009,55+,26
New York,2009,55+,157
North Carolina,2009,55+,95
North Dakota,2009,55+,
Ohio,2009,55+,82
Oklahoma,2009,55+,95
Oregon,2009,55+,64
Pennsylvania,2009,55+,77
Rhode Island,2009,55+,20
South Carolina,2009,55+,37
South Dakota,2009,55+,
Tennessee,2009,55+,71
Texas,2009,55+,162
Utah,2009,55+,39
Vermont,2009,55+,
Virginia,2009,55+,53
Washington,2009,55+,148
West Virginia,2009,55+,19
Wisconsin,2009,55+,73
Wyoming,2009,55+,
Alabama,2010,55+,15
Alaska,2010,55+,
Arizona,2010,55+,118
Arkansas,2010,55+,24
California,2010,55+,502
Colorado,2010,55+,47
Connecticut,2010,55+,21
Delaware,2010,55+,
District of Columbia,2010,55+,
Florida,2010,55+,273
Georgia,2010,55+,79
Hawaii,2010,55+,
Idaho,2010,55+,
Illinois,2010,55+,91
Indiana,2010,55+,28
Iowa,2010,55+,14
Kansas,2010,55+,11
Kentucky,2010,55+,54
Louisiana,2010,55+,13
Maine,2010,55+,
Maryland,2010,55+,52
Massachusetts,2010,55+,77
Michigan,2010,55+,111
Minnesota,2010,55+,35
Mississippi,2010,55+,
Missouri,2010,55+,65
Montana,2010,55+,
Nebraska,2010,55+,
Nevada,2010,55+,104
New Hampshire,2010,55+,
New Jersey,2010,55+,48
New Mexico,2010,55+,29
New York,2010,55+,172
North Carolina,2010,55+,108
North Dakota,2010,55+,
Ohio,2010,55+,152
Oklahoma,2010,55+,90
Oregon,2010,55+,67
Pennsylvania,2010,55+,74
Rhode Island,2010,55+,
South Carolina,2010,55+,37
South Dakota,2010,55+,
Tennessee,2010,55+,80
Texas,2010,55+,180
Utah,2010,55+,35
Vermont,2010,55+,
Virginia,2010,55+,36
Washington,2010,55+,135
West Virginia,2010,55+,53
Wisconsin,2010,55+,65
Wyoming,2010,55+,
Alabama,2011,55+,20
Alaska,2011,55+,
Arizona,2011,55+,118
Arkansas,2011,55+,15
California,2011,55+,471
Colorado,2011,55+,75
Connecticut,2011,55+,24
Delaware,2011,55+,14
District of Columbia,2011,55+,17
Florida,2011,55+,264
Georgia,2011,55+,64
Hawaii,2011,55+,24
Idaho,2011,55+,14
Illinois,2011,55+,105
Indiana,2011,55+,46
Iowa,2011,55+,26
Kansas,2011,55+,19
Kentucky,2011,55+,73
Louisiana,2011,55+,
Maine,2011,55+,
Maryland,2011,55+,72
Massachusetts,2011,55+,84
Michigan,2011,55+,97
Minnesota,2011,55+,60
Mississippi,2011,55+,
Missouri,2011,55+,69
Montana,2011,55+,
Nebraska,2011,55+,10
Nevada,2011,55+,104
New Hampshire,2011,55+,27
New Jersey,2011,55+,59
New Mexico,2011,55+,50
New York,2011,55+,203
North Carolina,2011,55+,107
North Dakota,2011,55+,
Ohio,2011,55+,172
Oklahoma,2011,55+,77
Oregon,2011,55+,80
Pennsylvania,2011,55+,87
Rhode Island,2011,55+,
South Carolina,2011,55+,32
South Dakota,2011,55+,
Tennessee,2011,55+,85
Texas,2011,55+,179
Utah,2011,55+,51
Vermont,2011,55+,
Virginia,2011,55+,63
Washington,2011,55+,153
West Virginia,2011,55+,59
Wisconsin,2011,55+,72
Wyoming,2011,55+,11
Alabama,2012,55+,16
Alaska,2012,55+,12
Arizona,2012,55+,111
Arkansas,2012,55+,29
California,2012,55+,475
Colorado,2012,55+,78
Connecticut,2012,55+,24
Delaware,2012,55+,11
District of Columbia,2012,55+,11
Florida,2012,55+,287
Georgia,2012,55+,86
Hawaii,2012,55+,
Idaho,2012,55+,
Illinois,2012,55+,138
Indiana,2012,55+,49
Iowa,2012,55+,29
Kansas,2012,55+,24
Kentucky,2012,55+,98
Louisiana,2012,55+,30
Maine,2012,55+,
Maryland,2012,55+,98
Massachusetts,2012,55+,85
Michigan,2012,55+,106
Minnesota,2012,55+,58
Mississippi,2012,55+,
Missouri,2012,55+,78
Montana,2012,55+,
Nebraska,2012,55+,
Nevada,2012,55+,119
New Hampshire,2012,55+,13
New Jersey,2012,55+,68
New Mexico,2012,55+,65
New York,2012,55+,272
North Carolina,2012,55+,131
North Dakota,2012,55+,
Ohio,2012,55+,168
Oklahoma,2012,55+,108
Oregon,2012,55+,71
Pennsylvania,2012,55+,96
Rhode Island,2012,55+,27
South Carolina,2012,55+,46
South Dakota,2012,55+,
Tennessee,2012,55+,116
Texas,2012,55+,192
Utah,2012,55+,66
Vermont,2012,55+,
Virginia,2012,55+,55
Washington,2012,55+,171
West Virginia,2012,55+,56
Wisconsin,2012,55+,86
Wyoming,2012,55+,10
Alabama,2013,55+,27
Alaska,2013,55+,
Arizona,2013,55+,106
Arkansas,2013,55+,34
California,2013,55+,577
Colorado,2013,55+,94
Connecticut,2013,55+,75
Delaware,2013,55+,
District of Columbia,2013,55+,30
Florida,2013,55+,274
Georgia,2013,55+,99
Hawaii,2013,55+,
Idaho,2013,55+,
Illinois,2013,55+,166
Indiana,2013,55+,44
Iowa,2013,55+,36
Kansas,2013,55+,29
Kentucky,2013,55+,104
Louisiana,2013,55+,46
Maine,2013,55+,
Maryland,2013,55+,124
Massachusetts,2013,55+,110
Michigan,2013,55+,164
Minnesota,2013,55+,55
Mississippi,2013,55+,
Missouri,2013,55+,90
Montana,2013,55+,
Nebraska,2013,55+,10
Nevada,2013,55+,111
New Hampshire,2013,55+,27
New Jersey,2013,55+,89
New Mexico,2013,55+,68
New York,2013,55+,336
North Carolina,2013,55+,118
North Dakota,2013,55+,
Ohio,2013,55+,241
Oklahoma,2013,55+,127
Oregon,2013,55+,83
Pennsylvania,2013,55+,135
Rhode Island,2013,55+,28
South Carolina,2013,55+,45
South Dakota,2013,55+,
Tennessee,2013,55+,157
Texas,2013,55+,210
Utah,2013,55+,68
Vermont,2013,55+,
Virginia,2013,55+,100
Washington,2013,55+,159
West Virginia,2013,55+,70
Wisconsin,2013,55+,103
Wyoming,2013,55+,
Alabama,2014,55+,53
Alaska,2014,55+,14
Arizona,2014,55+,168
Arkansas,2014,55+,24
California,2014,55+,648
Colorado,2014,55+,109
Connecticut,2014,55+,70
Delaware,2014,55+,
District of Columbia,2014,55+,24
Florida,2014,55+,295
Georgia,2014,55+,121
Hawaii,2014,55+,21
Idaho,2014,55+,
Illinois,2014,55+,200
Indiana,2014,55+,64
Iowa,2014,55+,31
Kansas,2014,55+,43
Kentucky,2014,55+,135
Louisiana,2014,55+,48
Maine,2014,55+,24
Maryland,2014,55+,177
Massachusetts,2014,55+,143
Michigan,2014,55+,206
Minnesota,2014,55+,59
Mississippi,2014,55+,23
Missouri,2014,55+,103
Montana,2014,55+,
Nebraska,2014,55+,
Nevada,2014,55+,114
New Hampshire,2014,55+,40
New Jersey,2014,55+,111
New Mexico,2014,55+,85
New York,2014,55+,311
North Carolina,2014,55+,147
North Dakota,2014,55+,
Ohio,2014,55+,328
Oklahoma,2014,55+,134
Oregon,2014,55+,90
Pennsylvania,2014,55+,149
Rhode Island,2014,55+,39
South Carolina,2014,55+,128
South Dakota,2014,55+,
Tennessee,2014,55+,141
Texas,2014,55+,234
Utah,2014,55+,85
Vermont,2014,55+,
Virginia,2014,55+,116
Washington,2014,55+,172
West Virginia,2014,55+,88
Wisconsin,2014,55+,117
Wyoming,2014,55+,12
Alabama,2015,55+,36
Alaska,2015,55+,18
Arizona,2015,55+,148
Arkansas,2015,55+,39
California,2015,55+,660
Colorado,2015,55+,112
Connecticut,2015,55+,132
Delaware,2015,55+,16
District of Columbia,2015,55+,45
Florida,2015,55+,376
Georgia,2015,55+,152
Hawaii,2015,55+,28
Idaho,2015,55+,12
Illinois,2015,55+,254
Indiana,2015,55+,71
Iowa,2015,55+,35
Kansas,2015,55+,
Kentucky,2015,55+,119
Louisiana,2015,55+,54
Maine,2015,55+,35
Maryland,2015,55+,209
Massachusetts,2015,55+,174
Michigan,2015,55+,253
Minnesota,2015,55+,73
Mississippi,2015,55+,24
Missouri,2015,55+,131
Montana,2015,55+,
Nebraska,2015,55+,
Nevada,2015,55+,133
New Hampshire,2015,55+,38
New Jersey,2015,55+,118
New Mexico,2015,55+,64
New York,2015,55+,368
North Carolina,2015,55+,183
North Dakota,2015,55+,
Ohio,2015,55+,394
Oklahoma,2015,55+,108
Oregon,2015,55+,94
Pennsylvania,2015,55+,190
Rhode Island,2015,55+,58
South Carolina,2015,55+,131
South Dakota,2015,55+,
Tennessee,2015,55+,205
Texas,2015,55+,279
Utah,2015,55+,102
Vermont,2015,55+,
Virginia,2015,55+,115
Washington,2015,55+,182
West Virginia,2015,55+,113
Wisconsin,2015,55+,112
Wyoming,2015,55+,12
Alabama,2016,55+,51
Alaska,2016,55+,15
Arizona,2016,55+,170
Arkansas,2016,55+,37
California,2016,55+,668
Colorado,2016,55+,100
Connecticut,2016,55+,157
Delaware,2016,55+,20
District of Columbia,2016,55+,
Florida,2016,55+,479
Georgia,2016,55+,193
Hawaii,2016,55+,30
Idaho,2016,55+,27
Illinois,2016,55+,349
Indiana,2016,55+,114
Iowa,2016,55+,30
Kansas,2016,55+,42
Kentucky,2016,55+,144
Louisiana,2016,55+,55
Maine,2016,55+,35
Maryland,2016,55+,363
Massachusetts,2016,55+,286
Michigan,2016,55+,326
Minnesota,2016,55+,60
Mississippi,2016,55+,42
Missouri,2016,55+,134
Montana,2016,55+,11
Nebraska,2016,55+,10
Nevada,2016,55+,126
New Hampshire,2016,55+,45
New Jersey,2016,55+,203
New Mexico,2016,55+,76
New York,2016,55+,538
North Carolina,2016,55+,209
North Dakota,2016,55+,
Ohio,2016,55+,555
Oklahoma,2016,55+,119
Oregon,2016,55+,75
Pennsylvania,2016,55+,300
Rhode Island,2016,55+,47
South Carolina,2016,55+,119
South Dakota,2016,55+,10
Tennessee,2016,55+,234
Texas,2016,55+,302
Utah,2016,55+,84
Vermont,2016,55+,
Virginia,2016,55+,172
Washington,2016,55+,203
West Virginia,2016,55+,111
Wisconsin,2016,55+,148
Wyoming,2016,55+,13
Alabama,2017,55+,72
Alaska,2017,55+,
Arizona,2017,55+,228
Arkansas,2017,55+,38
California,2017,55+,671
Colorado,2017,55+,124
Connecticut,2017,55+,164
Delaware,2017,55+,38
District of Columbia,2017,55+,
Florida,2017,55+,587
Georgia,2017,55+,181
Hawaii,2017,55+,27
Idaho,2017,55+,
Illinois,2017,55+,442
Indiana,2017,55+,160
Iowa,2017,55+,39
Kansas,2017,55+,40
Kentucky,2017,55+,150
Louisiana,2017,55+,65
Maine,2017,55+,46
Maryland,2017,55+,421
Massachusetts,2017,55+,296
Michigan,2017,55+,412
Minnesota,2017,55+,72
Mississippi,2017,55+,38
Missouri,2017,55+,151
Montana,2017,55+,12
Nebraska,2017,55+,
Nevada,2017,55+,123
New Hampshire,2017,55+,48
New Jersey,2017,55+,334
New Mexico,2017,55+,68
New York,2017,55+,606
North Carolina,2017,55+,257
North Dakota,2017,55+,
Ohio,2017,55+,664
Oklahoma,2017,55+,97
Oregon,2017,55+,97
Pennsylvania,2017,55+,353
Rhode Island,2017,55+,50
South Carolina,2017,55+,138
South Dakota,2017,55+,11
Tennessee,2017,55+,248
Texas,2017,55+,307
Utah,2017,55+,107
Vermont,2017,55+,18
Virginia,2017,55+,195
Washington,2017,55+,188
West Virginia,2017,55+,143
Wisconsin,2017,55+,156
Wyoming,2017,55+,
Alabama,2018,55+,72
Alaska,2018,55+,21
Arizona,2018,55+,227
Arkansas,2018,55+,34
California,2018,55+,686
Colorado,2018,55+,137
Connecticut,2018,55+,186
Delaware,2018,55+,65
District of Columbia,2018,55+,101
Florida,2018,55+,611
Georgia,2018,55+,183
Hawaii,2018,55+,18
Idaho,2018,55+,27
Illinois,2018,55+,462
Indiana,2018,55+,181
Iowa,2018,55+,25
Kansas,2018,55+,33
Kentucky,2018,55+,158
Louisiana,2018,55+,77
Maine,2018,55+,41
Maryland,2018,55+,521
Massachusetts,2018,55+,317
Michigan,2018,55+,443
Minnesota,2018,55+,58
Mississippi,2018,55+,36
Missouri,2018,55+,184
Montana,2018,55+,18
Nebraska,2018,55+,17
Nevada,2018,55+,129
New Hampshire,2018,55+,48
New Jersey,2018,55+,437
New Mexico,2018,55+,85
New York,2018,55+,631
North Carolina,2018,55+,257
North Dakota,2018,55+,
Ohio,2018,55+,529
Oklahoma,2018,55+,89
Oregon,2018,55+,89
Pennsylvania,2018,55+,473
Rhode Island,2018,55+,63
South Carolina,2018,55+,168
South Dakota,2018,55+,
Tennessee,2018,55+,229
Texas,2018,55+,325
Utah,2018,55+,98
Vermont,2018,55+,15
Virginia,2018,55+,196
Washington,2018,55+,198
West Virginia,2018,55+,113
Wisconsin,2018,55+,155
Wyoming,2018,55+,15
